User ID,Country,Photo Title,Date Taken,Latitude,Longitude,Photo URL,Description
24141292@N02,"Rugby, Warwickshire, UK",Flying out of Da Nang,2007-04-27 00:00:03,16.053773,108.196899,https://live.staticflickr.com/65535/52182780852_c69ea9afcf_o.jpg,Our flight northwards from Da Nang to Hanoi.
24141292@N02,"Rugby, Warwickshire, UK",Da Nang,2007-04-24 00:00:02,16.060124,108.222563,https://live.staticflickr.com/65535/52127543520_9dd9159af2_o.jpg,Temple next to the Cham Museum in Da Nang.
24141292@N02,"Rugby, Warwickshire, UK",Da Nang Museum,2007-04-24 00:00:01,16.060217,108.223142,https://live.staticflickr.com/65535/52127066163_42a1227b4d_o.jpg,"The Museum of Cham Sculpture in Da Nang contains the greatest concentration of art from the Hindu Champa culture that flourished in central and southern Vietnam from broadly the 5th to the 15th century.

The museum is not large but its several galleries contain an impressive display of statuary and carvings from various sites in the centre of the country, including sculptures of fanciful beasts and Hindu deities that would have once adorned temples.

We did not linger in Da Nang city itself but it was well worth pausing here to visit this fine museum.
<a href=""https://en.wikipedia.org/wiki/Museum_of_Cham_Sculpture"" rel=""noreferrer nofollow"">en.wikipedia.org/wiki/Museum_of_Cham_Sculpture</a>"
24141292@N02,"Rugby, Warwickshire, UK","Monster, Da Nang Museum",2007-04-24 00:00:00,16.060217,108.223142,https://live.staticflickr.com/65535/52127537450_0c2d45165f_o.jpg,"The Museum of Cham Sculpture in Da Nang contains the greatest concentration of art from the Hindu Champa culture that flourished in central and southern Vietnam from broadly the 5th to the 15th century.

The museum is not large but its several galleries contain an impressive display of statuary and carvings from various sites in the centre of the country, including sculptures of fanciful beasts and Hindu deities that would have once adorned temples.

We did not linger in Da Nang city itself but it was well worth pausing here to visit this fine museum.
<a href=""https://en.wikipedia.org/wiki/Museum_of_Cham_Sculpture"" rel=""noreferrer nofollow"">en.wikipedia.org/wiki/Museum_of_Cham_Sculpture</a>"
24141292@N02,"Rugby, Warwickshire, UK","Reclining Monster, Da Nang Museum",2007-04-24 00:00:08,16.060217,108.223142,https://live.staticflickr.com/65535/52126248893_411c4795d8_o.jpg,"The Museum of Cham Sculpture in Da Nang contains the greatest concentration of art from the Hindu Champa culture that flourished in central and southern Vietnam from broadly the 5th to the 15th century.

The museum is not large but its several galleries contain an impressive display of statuary and carvings from various sites in the centre of the country, including sculptures of fanciful beasts and Hindu deities that would have once adorned temples.

We did not linger in Da Nang city itself but it was well worth pausing here to visit this fine museum.
<a href=""https://en.wikipedia.org/wiki/Museum_of_Cham_Sculpture"" rel=""noreferrer nofollow"">en.wikipedia.org/wiki/Museum_of_Cham_Sculpture</a>"
24141292@N02,"Rugby, Warwickshire, UK",Da Nang Museum,2007-04-24 00:00:03,16.060217,108.223142,https://live.staticflickr.com/65535/52126246253_5c3ed6c504_o.jpg,"The Museum of Cham Sculpture in Da Nang contains the greatest concentration of art from the Hindu Champa culture that flourished in central and southern Vietnam from broadly the 5th to the 15th century.

The museum is not large but its several galleries contain an impressive display of statuary and carvings from various sites in the centre of the country, including sculptures of fanciful beasts and Hindu deities that would have once adorned temples.

We did not linger in Da Nang city itself but it was well worth pausing here to visit this fine museum.
<a href=""https://en.wikipedia.org/wiki/Museum_of_Cham_Sculpture"" rel=""noreferrer nofollow"">en.wikipedia.org/wiki/Museum_of_Cham_Sculpture</a>"
24141292@N02,"Rugby, Warwickshire, UK","Grumpy Garuda, Da Nang Museum",2007-04-24 00:00:05,16.060217,108.223142,https://live.staticflickr.com/65535/52126462009_9c9cd2cd90_o.jpg,"The Museum of Cham Sculpture in Da Nang contains the greatest concentration of art from the Hindu Champa culture that flourished in central and southern Vietnam from broadly the 5th to the 15th century.

The museum is not large but its several galleries contain an impressive display of statuary and carvings from various sites in the centre of the country, including sculptures of fanciful beasts and Hindu deities that would have once adorned temples.

We did not linger in Da Nang city itself but it was well worth pausing here to visit this fine museum.
<a href=""https://en.wikipedia.org/wiki/Museum_of_Cham_Sculpture"" rel=""noreferrer nofollow"">en.wikipedia.org/wiki/Museum_of_Cham_Sculpture</a>"
24141292@N02,"Rugby, Warwickshire, UK","Lion-Beast, Da Nang Museum",2007-04-24 00:00:04,16.060217,108.223142,https://live.staticflickr.com/65535/52126461689_c880a9f963_o.jpg,"The Museum of Cham Sculpture in Da Nang contains the greatest concentration of art from the Hindu Champa culture that flourished in central and southern Vietnam from broadly the 5th to the 15th century.

The museum is not large but its several galleries contain an impressive display of statuary and carvings from various sites in the centre of the country, including sculptures of fanciful beasts and Hindu deities that would have once adorned temples.

We did not linger in Da Nang city itself but it was well worth pausing here to visit this fine museum.
<a href=""https://en.wikipedia.org/wiki/Museum_of_Cham_Sculpture"" rel=""noreferrer nofollow"">en.wikipedia.org/wiki/Museum_of_Cham_Sculpture</a>"
24141292@N02,"Rugby, Warwickshire, UK",Da Nang Museum,2007-04-24 00:00:01,16.060217,108.223142,https://live.staticflickr.com/65535/52126461049_bb174339e3_o.jpg,"The Museum of Cham Sculpture in Da Nang contains the greatest concentration of art from the Hindu Champa culture that flourished in central and southern Vietnam from broadly the 5th to the 15th century.

The museum is not large but its several galleries contain an impressive display of statuary and carvings from various sites in the centre of the country, including sculptures of fanciful beasts and Hindu deities that would have once adorned temples.

We did not linger in Da Nang city itself but it was well worth pausing here to visit this fine museum.
<a href=""https://en.wikipedia.org/wiki/Museum_of_Cham_Sculpture"" rel=""noreferrer nofollow"">en.wikipedia.org/wiki/Museum_of_Cham_Sculpture</a>"
24141292@N02,"Rugby, Warwickshire, UK",Da Nang Museum,2007-04-24 00:00:02,16.060217,108.223142,https://live.staticflickr.com/65535/52126244658_2cfe1ce00e_o.jpg,"The Museum of Cham Sculpture in Da Nang contains the greatest concentration of art from the Hindu Champa culture that flourished in central and southern Vietnam from broadly the 5th to the 15th century.

The museum is not large but its several galleries contain an impressive display of statuary and carvings from various sites in the centre of the country, including sculptures of fanciful beasts and Hindu deities that would have once adorned temples.

We did not linger in Da Nang city itself but it was well worth pausing here to visit this fine museum.
<a href=""https://en.wikipedia.org/wiki/Museum_of_Cham_Sculpture"" rel=""noreferrer nofollow"">en.wikipedia.org/wiki/Museum_of_Cham_Sculpture</a>"
24141292@N02,"Rugby, Warwickshire, UK","Ganesh, Da Nang Museum",2007-04-24 00:00:07,16.060217,108.223142,https://live.staticflickr.com/65535/52126717635_031a0f9a71_o.jpg,"The Museum of Cham Sculpture in Da Nang contains the greatest concentration of art from the Hindu Champa culture that flourished in central and southern Vietnam from broadly the 5th to the 15th century.

The museum is not large but its several galleries contain an impressive display of statuary and carvings from various sites in the centre of the country, including sculptures of fanciful beasts and Hindu deities that would have once adorned temples.

We did not linger in Da Nang city itself but it was well worth pausing here to visit this fine museum.
<a href=""https://en.wikipedia.org/wiki/Museum_of_Cham_Sculpture"" rel=""noreferrer nofollow"">en.wikipedia.org/wiki/Museum_of_Cham_Sculpture</a>"
24141292@N02,"Rugby, Warwickshire, UK",Da Nang Museum,2007-04-24 00:00:00,16.060217,108.223142,https://live.staticflickr.com/65535/52126460364_ae3c4f2107_o.jpg,"The Museum of Cham Sculpture in Da Nang contains the greatest concentration of art from the Hindu Champa culture that flourished in central and southern Vietnam from broadly the 5th to the 15th century.

The museum is not large but its several galleries contain an impressive display of statuary and carvings from various sites in the centre of the country, including sculptures of fanciful beasts and Hindu deities that would have once adorned temples.

We did not linger in Da Nang city itself but it was well worth pausing here to visit this fine museum.
<a href=""https://en.wikipedia.org/wiki/Museum_of_Cham_Sculpture"" rel=""noreferrer nofollow"">en.wikipedia.org/wiki/Museum_of_Cham_Sculpture</a>"
24141292@N02,"Rugby, Warwickshire, UK","Ganesh with Dreadlocks, Da Nang Museum",2007-04-24 00:00:06,16.060217,108.223142,https://live.staticflickr.com/65535/52126717295_a272ecb1eb_o.jpg,"The Museum of Cham Sculpture in Da Nang contains the greatest concentration of art from the Hindu Champa culture that flourished in central and southern Vietnam from broadly the 5th to the 15th century.

The museum is not large but its several galleries contain an impressive display of statuary and carvings from various sites in the centre of the country, including sculptures of fanciful beasts and Hindu deities that would have once adorned temples.

We did not linger in Da Nang city itself but it was well worth pausing here to visit this fine museum.
<a href=""https://en.wikipedia.org/wiki/Museum_of_Cham_Sculpture"" rel=""noreferrer nofollow"">en.wikipedia.org/wiki/Museum_of_Cham_Sculpture</a>"
24141292@N02,"Rugby, Warwickshire, UK","Lion-Beast, Da Nang Museum",2007-04-24 00:00:08,16.060217,108.223142,https://live.staticflickr.com/65535/52125510195_7b515bda51_o.jpg,"The Museum of Cham Sculpture in Da Nang contains the greatest concentration of art from the Hindu Champa culture that flourished in central and southern Vietnam from broadly the 5th to the 15th century.

The museum is not large but its several galleries contain an impressive display of statuary and carvings from various sites in the centre of the country, including sculptures of fanciful beasts and Hindu deities that would have once adorned temples.

We did not linger in Da Nang city itself but it was well worth pausing here to visit this fine museum.
<a href=""https://en.wikipedia.org/wiki/Museum_of_Cham_Sculpture"" rel=""noreferrer nofollow"">en.wikipedia.org/wiki/Museum_of_Cham_Sculpture</a>"
24141292@N02,"Rugby, Warwickshire, UK","Lion-Beast, Da Nang Museum",2007-04-24 00:00:07,16.060217,108.223142,https://live.staticflickr.com/65535/52125252899_eceb82be14_o.jpg,"The Museum of Cham Sculpture in Da Nang contains the greatest concentration of art from the Hindu Champa culture that flourished in central and southern Vietnam from broadly the 5th to the 15th century.

The museum is not large but its several galleries contain an impressive display of statuary and carvings from various sites in the centre of the country, including sculptures of fanciful beasts and Hindu deities that would have once adorned temples.

We did not linger in Da Nang city itself but it was well worth pausing here to visit this fine museum.
<a href=""https://en.wikipedia.org/wiki/Museum_of_Cham_Sculpture"" rel=""noreferrer nofollow"">en.wikipedia.org/wiki/Museum_of_Cham_Sculpture</a>"
24141292@N02,"Rugby, Warwickshire, UK","Garuda, Da Nang Museum",2007-04-24 00:00:09,16.060217,108.223142,https://live.staticflickr.com/65535/52125038833_b2837e12a8_o.jpg,"The Museum of Cham Sculpture in Da Nang contains the greatest concentration of art from the Hindu Champa culture that flourished in central and southern Vietnam from broadly the 5th to the 15th century.

The museum is not large but its several galleries contain an impressive display of statuary and carvings from various sites in the centre of the country, including sculptures of fanciful beasts and Hindu deities that would have once adorned temples.

We did not linger in Da Nang city itself but it was well worth pausing here to visit this fine museum.
<a href=""https://en.wikipedia.org/wiki/Museum_of_Cham_Sculpture"" rel=""noreferrer nofollow"">en.wikipedia.org/wiki/Museum_of_Cham_Sculpture</a>"
24141292@N02,"Rugby, Warwickshire, UK","Lion-Makara, Da Nang Museum",2007-04-24 00:00:00,16.060217,108.223142,https://live.staticflickr.com/65535/52123983907_1a1e3ffd50_o.jpg,"The Museum of Cham Sculpture in Da Nang contains the greatest concentration of art from the Hindu Champa culture that flourished in central and southern Vietnam from broadly the 5th to the 15th century.

The museum is not large but its several galleries contain an impressive display of statuary and carvings from various sites in the centre of the country, including sculptures of fanciful beasts and Hindu deities that would have once adorned temples.

We did not linger in Da Nang city itself but it was well worth pausing here to visit this fine museum.
<a href=""https://en.wikipedia.org/wiki/Museum_of_Cham_Sculpture"" rel=""noreferrer nofollow"">en.wikipedia.org/wiki/Museum_of_Cham_Sculpture</a>"
24141292@N02,"Rugby, Warwickshire, UK","Lion Demon, Da Nang Museum",2007-04-24 00:00:04,16.060217,108.223142,https://live.staticflickr.com/65535/52123983252_6bd0813daa_o.jpg,"The Museum of Cham Sculpture in Da Nang contains the greatest concentration of art from the Hindu Champa culture that flourished in central and southern Vietnam from broadly the 5th to the 15th century.

The museum is not large but its several galleries contain an impressive display of statuary and carvings from various sites in the centre of the country, including sculptures of fanciful beasts and Hindu deities that would have once adorned temples.

We did not linger in Da Nang city itself but it was well worth pausing here to visit this fine museum.
<a href=""https://en.wikipedia.org/wiki/Museum_of_Cham_Sculpture"" rel=""noreferrer nofollow"">en.wikipedia.org/wiki/Museum_of_Cham_Sculpture</a>"
24141292@N02,"Rugby, Warwickshire, UK","Horseman, Da Nang Museum",2007-04-24 00:00:02,16.060217,108.223142,https://live.staticflickr.com/65535/52125250399_1129b4abe6_o.jpg,"The Museum of Cham Sculpture in Da Nang contains the greatest concentration of art from the Hindu Champa culture that flourished in central and southern Vietnam from broadly the 5th to the 15th century.

The museum is not large but its several galleries contain an impressive display of statuary and carvings from various sites in the centre of the country, including sculptures of fanciful beasts and Hindu deities that would have once adorned temples.

We did not linger in Da Nang city itself but it was well worth pausing here to visit this fine museum.
<a href=""https://en.wikipedia.org/wiki/Museum_of_Cham_Sculpture"" rel=""noreferrer nofollow"">en.wikipedia.org/wiki/Museum_of_Cham_Sculpture</a>"
24141292@N02,"Rugby, Warwickshire, UK","Makara, Da Nang Museum",2007-04-24 00:00:03,16.060217,108.223142,https://live.staticflickr.com/65535/52125006466_5b09b34a71_o.jpg,"The Museum of Cham Sculpture in Da Nang contains the greatest concentration of art from the Hindu Champa culture that flourished in central and southern Vietnam from broadly the 5th to the 15th century.

The museum is not large but its several galleries contain an impressive display of statuary and carvings from various sites in the centre of the country, including sculptures of fanciful beasts and Hindu deities that would have once adorned temples.

We did not linger in Da Nang city itself but it was well worth pausing here to visit this fine museum.
<a href=""https://en.wikipedia.org/wiki/Museum_of_Cham_Sculpture"" rel=""noreferrer nofollow"">en.wikipedia.org/wiki/Museum_of_Cham_Sculpture</a>"
24141292@N02,"Rugby, Warwickshire, UK","Naga, Da Nang Museum",2007-04-24 00:00:01,16.060217,108.223142,https://live.staticflickr.com/65535/52123982322_c5a2c0c6c9_o.jpg,"The Museum of Cham Sculpture in Da Nang contains the greatest concentration of art from the Hindu Champa culture that flourished in central and southern Vietnam from broadly the 5th to the 15th century.

The museum is not large but its several galleries contain an impressive display of statuary and carvings from various sites in the centre of the country, including sculptures of fanciful beasts and Hindu deities that would have once adorned temples.

We did not linger in Da Nang city itself but it was well worth pausing here to visit this fine museum.
<a href=""https://en.wikipedia.org/wiki/Museum_of_Cham_Sculpture"" rel=""noreferrer nofollow"">en.wikipedia.org/wiki/Museum_of_Cham_Sculpture</a>"
24141292@N02,"Rugby, Warwickshire, UK","Grumpy Garuda, Da Nang Museum",2007-04-24 00:00:06,16.060217,108.223142,https://live.staticflickr.com/65535/52123237751_54f93f8e8b_o.jpg,"The Museum of Cham Sculpture in Da Nang contains the greatest concentration of art from the Hindu Champa culture that flourished in central and southern Vietnam from broadly the 5th to the 15th century.

The museum is not large but its several galleries contain an impressive display of statuary and carvings from various sites in the centre of the country, including sculptures of fanciful beasts and Hindu deities that would have once adorned temples.

We did not linger in Da Nang city itself but it was well worth pausing here to visit this fine museum.
<a href=""https://en.wikipedia.org/wiki/Museum_of_Cham_Sculpture"" rel=""noreferrer nofollow"">en.wikipedia.org/wiki/Museum_of_Cham_Sculpture</a>"
24141292@N02,"Rugby, Warwickshire, UK","Rhino?, Da Nang Museum",2007-04-24 00:00:00,16.060217,108.223142,https://live.staticflickr.com/65535/52123234326_9aa41e9a7c_o.jpg,"The Museum of Cham Sculpture in Da Nang contains the greatest concentration of art from the Hindu Champa culture that flourished in central and southern Vietnam from broadly the 5th to the 15th century.

The museum is not large but its several galleries contain an impressive display of statuary and carvings from various sites in the centre of the country, including sculptures of fanciful beasts and Hindu deities that would have once adorned temples.

We did not linger in Da Nang city itself but it was well worth pausing here to visit this fine museum.
<a href=""https://en.wikipedia.org/wiki/Museum_of_Cham_Sculpture"" rel=""noreferrer nofollow"">en.wikipedia.org/wiki/Museum_of_Cham_Sculpture</a>"
24141292@N02,"Rugby, Warwickshire, UK",Da Nang Museum,2007-04-24 00:00:04,16.060217,108.223142,https://live.staticflickr.com/65535/52123265808_d84460545a_o.jpg,"The Museum of Cham Sculpture in Da Nang contains the greatest concentration of art from the Hindu Champa culture that flourished in central and southern Vietnam from broadly the 5th to the 15th century.

The museum is not large but its several galleries contain an impressive display of statuary and carvings from various sites in the centre of the country, including sculptures of fanciful beasts and Hindu deities that would have once adorned temples.

We did not linger in Da Nang city itself but it was well worth pausing here to visit this fine museum.
<a href=""https://en.wikipedia.org/wiki/Museum_of_Cham_Sculpture"" rel=""noreferrer nofollow"">en.wikipedia.org/wiki/Museum_of_Cham_Sculpture</a>"
24141292@N02,"Rugby, Warwickshire, UK",Da Nang Museum,2007-04-24 00:00:05,16.060217,108.223142,https://live.staticflickr.com/65535/52123233426_75390a7573_o.jpg,"The Museum of Cham Sculpture in Da Nang contains the greatest concentration of art from the Hindu Champa culture that flourished in central and southern Vietnam from broadly the 5th to the 15th century.

The museum is not large but its several galleries contain an impressive display of statuary and carvings from various sites in the centre of the country, including sculptures of fanciful beasts and Hindu deities that would have once adorned temples.

We did not linger in Da Nang city itself but it was well worth pausing here to visit this fine museum.
<a href=""https://en.wikipedia.org/wiki/Museum_of_Cham_Sculpture"" rel=""noreferrer nofollow"">en.wikipedia.org/wiki/Museum_of_Cham_Sculpture</a>"
24141292@N02,"Rugby, Warwickshire, UK",Da Nang Museum,2007-04-24 00:00:03,16.060217,108.223142,https://live.staticflickr.com/65535/52123262388_167325b3ed_o.jpg,"The Museum of Cham Sculpture in Da Nang contains the greatest concentration of art from the Hindu Champa culture that flourished in central and southern Vietnam from broadly the 5th to the 15th century.

The museum is not large but its several galleries contain an impressive display of statuary and carvings from various sites in the centre of the country, including sculptures of fanciful beasts and Hindu deities that would have once adorned temples.

We did not linger in Da Nang city itself but it was well worth pausing here to visit this fine museum.
<a href=""https://en.wikipedia.org/wiki/Museum_of_Cham_Sculpture"" rel=""noreferrer nofollow"">en.wikipedia.org/wiki/Museum_of_Cham_Sculpture</a>"
24141292@N02,"Rugby, Warwickshire, UK","Horse Riders, Da Nang Museum",2007-04-24 00:00:02,16.060217,108.223142,https://live.staticflickr.com/65535/52122201442_b335e1b0b4_o.jpg,"The Museum of Cham Sculpture in Da Nang contains the greatest concentration of art from the Hindu Champa culture that flourished in central and southern Vietnam from broadly the 5th to the 15th century.

The museum is not large but its several galleries contain an impressive display of statuary and carvings from various sites in the centre of the country, including sculptures of fanciful beasts and Hindu deities that would have once adorned temples.

We did not linger in Da Nang city itself but it was well worth pausing here to visit this fine museum.
<a href=""https://en.wikipedia.org/wiki/Museum_of_Cham_Sculpture"" rel=""noreferrer nofollow"">en.wikipedia.org/wiki/Museum_of_Cham_Sculpture</a>"
24141292@N02,"Rugby, Warwickshire, UK",Da Nang Museum,2007-04-24 00:00:01,16.060217,108.223142,https://live.staticflickr.com/65535/52123230181_cfd118c570_o.jpg,"The Museum of Cham Sculpture in Da Nang contains the greatest concentration of art from the Hindu Champa culture that flourished in central and southern Vietnam from broadly the 5th to the 15th century.

The museum is not large but its several galleries contain an impressive display of statuary and carvings from various sites in the centre of the country, including sculptures of fanciful beasts and Hindu deities that would have once adorned temples.

We did not linger in Da Nang city itself but it was well worth pausing here to visit this fine museum.
<a href=""https://en.wikipedia.org/wiki/Museum_of_Cham_Sculpture"" rel=""noreferrer nofollow"">en.wikipedia.org/wiki/Museum_of_Cham_Sculpture</a>"
24141292@N02,"Rugby, Warwickshire, UK","Fanciful Beast, Da Nang Museum",2007-04-24 00:00:00,16.060217,108.223142,https://live.staticflickr.com/65535/52121680666_eb57d78d81_o.jpg,"The Museum of Cham Sculpture in Da Nang contains the greatest concentration of art from the Hindu Champa culture that flourished in central and southern Vietnam from broadly the 5th to the 15th century.

The museum is not large but its several galleries contain an impressive display of statuary and carvings from various sites in the centre of the country, including sculptures of fanciful beasts and Hindu deities that would have once adorned temples.

We did not linger in Da Nang city itself but it was well worth pausing here to visit this fine museum.
<a href=""https://en.wikipedia.org/wiki/Museum_of_Cham_Sculpture"" rel=""noreferrer nofollow"">en.wikipedia.org/wiki/Museum_of_Cham_Sculpture</a>"
24141292@N02,"Rugby, Warwickshire, UK",Da Nang Museum,2007-04-24 00:00:04,16.060217,108.223142,https://live.staticflickr.com/65535/52121711548_4cf721f2be_o.jpg,"The Museum of Cham Sculpture in Da Nang contains the greatest concentration of art from the Hindu Champa culture that flourished in central and southern Vietnam from broadly the 5th to the 15th century.

The museum is not large but its several galleries contain an impressive display of statuary and carvings from various sites in the centre of the country, including sculptures of fanciful beasts and Hindu deities that would have once adorned temples.

We did not linger in Da Nang city itself but it was well worth pausing here to visit this fine museum.
<a href=""https://en.wikipedia.org/wiki/Museum_of_Cham_Sculpture"" rel=""noreferrer nofollow"">en.wikipedia.org/wiki/Museum_of_Cham_Sculpture</a>"
24141292@N02,"Rugby, Warwickshire, UK","Fanciful Beast, Da Nang Museum",2007-04-24 00:00:03,16.060217,108.223142,https://live.staticflickr.com/65535/52121922494_0ac868e6bb_o.jpg,"The Museum of Cham Sculpture in Da Nang contains the greatest concentration of art from the Hindu Champa culture that flourished in central and southern Vietnam from broadly the 5th to the 15th century.

The museum is not large but its several galleries contain an impressive display of statuary and carvings from various sites in the centre of the country, including sculptures of fanciful beasts and Hindu deities that would have once adorned temples.

We did not linger in Da Nang city itself but it was well worth pausing here to visit this fine museum.
<a href=""https://en.wikipedia.org/wiki/Museum_of_Cham_Sculpture"" rel=""noreferrer nofollow"">en.wikipedia.org/wiki/Museum_of_Cham_Sculpture</a>"
24141292@N02,"Rugby, Warwickshire, UK","Fanciful Beast, Da Nang Museum",2007-04-24 00:00:02,16.060217,108.223142,https://live.staticflickr.com/65535/52121921789_55cd2cb79d_o.jpg,"The Museum of Cham Sculpture in Da Nang contains the greatest concentration of art from the Hindu Champa culture that flourished in central and southern Vietnam from broadly the 5th to the 15th century.

The museum is not large but its several galleries contain an impressive display of statuary and carvings from various sites in the centre of the country, including sculptures of fanciful beasts and Hindu deities that would have once adorned temples.

We did not linger in Da Nang city itself but it was well worth pausing here to visit this fine museum.
<a href=""https://en.wikipedia.org/wiki/Museum_of_Cham_Sculpture"" rel=""noreferrer nofollow"">en.wikipedia.org/wiki/Museum_of_Cham_Sculpture</a>"
24141292@N02,"Rugby, Warwickshire, UK","Fanciful Beasts, Da Nang Museum",2007-04-24 00:00:01,16.060217,108.223142,https://live.staticflickr.com/65535/52120643077_b7363f4a7d_o.jpg,"The Museum of Cham Sculpture in Da Nang contains the greatest concentration of art from the Hindu Champa culture that flourished in central and southern Vietnam from broadly the 5th to the 15th century.

The museum is not large but its several galleries contain an impressive display of statuary and carvings from various sites in the centre of the country, including sculptures of fanciful beasts and Hindu deities that would have once adorned temples.

We did not linger in Da Nang city itself but it was well worth pausing here to visit this fine museum.
<a href=""https://en.wikipedia.org/wiki/Museum_of_Cham_Sculpture"" rel=""noreferrer nofollow"">en.wikipedia.org/wiki/Museum_of_Cham_Sculpture</a>"
24141292@N02,"Rugby, Warwickshire, UK","Monster, Da Nang Museum",2007-04-24 00:00:02,16.060217,108.223142,https://live.staticflickr.com/65535/52121228064_548f03ee62_o.jpg,"The Museum of Cham Sculpture in Da Nang contains the greatest concentration of art from the Hindu Champa culture that flourished in central and southern Vietnam from broadly the 5th to the 15th century.

The museum is not large but its several galleries contain an impressive display of statuary and carvings from various sites in the centre of the country, including sculptures of fanciful beasts and Hindu deities that would have once adorned temples.

We did not linger in Da Nang city itself but it was well worth pausing here to visit this fine museum.
<a href=""https://en.wikipedia.org/wiki/Museum_of_Cham_Sculpture"" rel=""noreferrer nofollow"">en.wikipedia.org/wiki/Museum_of_Cham_Sculpture</a>"
24141292@N02,"Rugby, Warwickshire, UK","Ganesh, Da Nang Museum",2007-04-24 00:00:01,16.060279,108.223142,https://live.staticflickr.com/65535/52120972941_68c1be4692_o.jpg,"The Museum of Cham Sculpture in Da Nang contains the greatest concentration of art from the Hindu Champa culture that flourished in central and southern Vietnam from broadly the 5th to the 15th century.

The museum is not large but its several galleries contain an impressive display of statuary and carvings from various sites in the centre of the country, including sculptures of fanciful beasts and Hindu deities that would have once adorned temples.

We did not linger in Da Nang city itself but it was well worth pausing here to visit this fine museum.
<a href=""https://en.wikipedia.org/wiki/Museum_of_Cham_Sculpture"" rel=""noreferrer nofollow"">en.wikipedia.org/wiki/Museum_of_Cham_Sculpture</a>"
24141292@N02,"Rugby, Warwickshire, UK","Ganesh, Da Nang Museum",2007-04-24 00:00:00,16.060268,108.223153,https://live.staticflickr.com/65535/52121221499_a91608b12c_o.jpg,"The Museum of Cham Sculpture in Da Nang contains the greatest concentration of art from the Hindu Champa culture that flourished in central and southern Vietnam from broadly the 5th to the 15th century.

The museum is not large but its several galleries contain an impressive display of statuary and carvings from various sites in the centre of the country, including sculptures of fanciful beasts and Hindu deities that would have once adorned temples.

We did not linger in Da Nang city itself but it was well worth pausing here to visit this fine museum.
<a href=""https://en.wikipedia.org/wiki/Museum_of_Cham_Sculpture"" rel=""noreferrer nofollow"">en.wikipedia.org/wiki/Museum_of_Cham_Sculpture</a>"
24141292@N02,"Rugby, Warwickshire, UK",Da Nang Museum,2007-04-26 00:00:00,16.060299,108.223689,https://live.staticflickr.com/65535/52119943792_d4206d8853_o.jpg,"The Museum of Cham Sculpture in Da Nang contains the greatest concentration of art from the Hindu Champa culture that flourished in central and southern Vietnam from broadly the 5th to the 15th century.

The museum is not large but its several galleries contain an impressive display of statuary and carvings from various sites in the centre of the country, including sculptures of fanciful beasts and Hindu deities that would have once adorned temples.

We did not linger in Da Nang city itself but it was well worth pausing here to visit this fine museum.
<a href=""https://en.wikipedia.org/wiki/Museum_of_Cham_Sculpture"" rel=""noreferrer nofollow"">en.wikipedia.org/wiki/Museum_of_Cham_Sculpture</a>"
23856908@N00,"HCMC, Vietnam",early fishing market (this market and fishing village now destroyed),2007-09-10 05:51:16,16.101360,108.258032,https://live.staticflickr.com/65535/51519111940_7bf5a1a6de_o.jpg,
23856908@N00,"HCMC, Vietnam","blue sea, white sand and basket boats",2007-09-10 12:20:50,16.057072,108.247904,https://live.staticflickr.com/65535/49909113452_4f4f46ed79_o.jpg,(danang)
92639188@N03,Netherlands,DSVN D11H-346 with express train S7 Hanoi-Saigon at Danang station.,2003-04-10 10:13:53,16.071894,108.209627,https://live.staticflickr.com/7864/31489490497_04bc2e0bb8_o.jpg,"D11H-346 is the 'fresh' locomotive for the express train S7 Hanoi-Saigon. The train arrived in this terminus station from the north with a D12E and this is replaced by the D11H for the next few hundred kilometres due south. (I did not see the D11H as far south as Nha trang or so. They only seem to operate around Danang).

Class D11H are built by FAUR in Romania and are a large 1000mm gauge version of the Bulgarian classes 76 and 77,  that run on that country's 760mm gauge lines.


40618 DSVN D11H-346 S7 Danang 10042003"
92639188@N03,Netherlands,Where Romanian locomotives meet in Vietnam... Two DSVN D11H at Danang station.,2003-04-10 10:13:44,16.071894,108.209627,https://live.staticflickr.com/7834/31489488227_cbd715d418_o.jpg,"D11H-346 is the 'fresh' locomotive for the express train S7 Hanoi-Saigon. The train arrived in this terminus station from the north with a D12E and this is replaced by a D11H for the next few hundred kilometres due south. (I did not see the D11H as far south as Nha trang or so. They only seem to operate around Danang).

On the left we see D11H-340 with a local train. 'Local' meaning it is not an express train over the complete Hanoi-Saigon route. 

Class D11H are built by FAUR in Romania and are a large 1000mm gauge version of the Bulgarian classes 76 and 77,  that run on that country's 760mm gauge lines.


40607 DSVN D11H-346 S7 + 
D11H-340 Danang 10042003"
32980384@N05,"Helsinki, Finland",da-nang-8,2005-10-09 16:44:31,16.016630,108.254063,https://live.staticflickr.com/1942/32379738238_35710b6fa8_o.jpg,"Pyöräretken aikana fillarista hajos kaikki mahdollinen, ainakin satula ja poljin. Kotimatkalla meni ketjut poikki, mutta onneks moottoripyöräkorjaamoja on joka kadunkulmassa."
32980384@N05,"Helsinki, Finland",da-nang-4,2005-10-09 13:37:40,16.049380,108.249063,https://live.staticflickr.com/1941/46201089932_6b3f961bc1_o.jpg,"Pyöräilin My Khe biitsille, joka myös nimellä China Beach tunnetaan. Täällä toimineesta evakuointisairaalasta tehtiin saman niminen TV-sarja"
32980384@N05,"Helsinki, Finland",da-nang-3,2005-10-09 13:24:24,16.056413,108.247133,https://live.staticflickr.com/1979/46251817021_22914e0356_o.jpg,"Pyöräilin My Khe biitsille, joka myös nimellä China Beach tunnetaan. Täällä toimineesta evakuointisairaalasta tehtiin saman niminen TV-sarja"
32980384@N05,"Helsinki, Finland",da-nang-2,2005-10-09 13:17:46,16.063463,108.246230,https://live.staticflickr.com/4830/46201047602_5bed703cb3_o.jpg,"Pyöräilin My Khe biitsille, joka myös nimellä China Beach tunnetaan. Täällä toimineesta evakuointisairaalasta tehtiin saman niminen TV-sarja"
32980384@N05,"Helsinki, Finland",da-nang-1,2005-10-09 08:59:42,16.077649,108.224000,https://live.staticflickr.com/1901/32379587728_eb36301794_o.jpg,Seuraava pysähdys Da Nangissa jossa etin 5 dollarin huoneen ja vuokrasin fillarin.
23856908@N00,"HCMC, Vietnam",fishing in the early moring,2007-09-09 06:03:00,16.084145,108.249685,https://live.staticflickr.com/936/44011588821_371e4eeed5_o.jpg,(danang)
134001799@N02,Unknown,DA NANG,2007-08-23 11:37:25,16.072454,108.209527,https://live.staticflickr.com/409/18977874846_67af45788b_o.jpg,1776-01
134001799@N02,Unknown,DA NANG,2007-08-23 11:37:59,16.072454,108.209527,https://live.staticflickr.com/451/18817907009_011f07c76f_o.jpg,
134001799@N02,Unknown,DA NANG,2007-08-23 11:47:13,16.072454,108.209527,https://live.staticflickr.com/497/18998649412_f2d96e924a_o.jpg,
8427711@N03,,Pepperonis,2002-12-08 12:00:00,16.070113,108.224022,https://live.staticflickr.com/8872/17923033130_c4898c90e3_o.jpg,Pizza Hug - Đà Nẵng
8427711@N03,,Bún chả cá/ Vietnamese Fish Cake Noodles,2002-12-08 12:00:00,16.074092,108.220784,https://live.staticflickr.com/7739/18080883146_9ca5ed2aa9_o.jpg,"Rice noodles served with pan-fried fish cakes, beansprouts, vegestables and hot spicy soup
"
8427711@N03,,Mì Quảng/ Quang Noodles,2002-12-08 12:00:00,16.068218,108.224199,https://live.staticflickr.com/7757/18107386985_1780c02228_o.jpg,Another version of Quang noodles which is served with chicken instead of shrimp and pork
98116609@N06,,,2002-12-08 12:00:00,16.054939,108.236061,https://live.staticflickr.com/8595/16199591214_ac6ab8cce3_o.jpg,
98116609@N06,,,2002-12-08 12:00:00,16.054939,108.236061,https://live.staticflickr.com/7598/16199586654_9a275de1b4_o.jpg,
93578816@N04,,FC Danang,2006-12-08 08:56:43,16.069691,108.216447,https://live.staticflickr.com/7438/10206175795_b3260e80f8_o.jpg,Vietnam - CR1 model
78736344@N02,Unknown,"Oude stoomlokomotief 141-206 Da Nang Station, Vietnam  15 februari 2007",2007-02-15 12:28:48,16.071429,108.209276,https://live.staticflickr.com/5546/10009965976_5a600f35df_o.jpg,
92639188@N03,Netherlands,2002-04-10 Danang D2M = TU6 or TU8.,2003-04-10 00:00:23,16.071317,108.207192,https://live.staticflickr.com/7292/8742302926_131c78073f_o.jpg,In Danang tref ik bij het depot van weg en werken deze dieselmechanische D2M (Sovjet type Tu6; D4H is de hydraulische TU7)
92639188@N03,Netherlands,2002-04-10 Danang D4H-506 + 515 + 5xx depot,2003-04-10 00:00:22,16.071709,108.206698,https://live.staticflickr.com/7290/8742302060_f2c6c4f9da_o.jpg,"Even om de hoek kijken... Bij de werkplaats in Dang, uit het zicht van de gewone reizigers, staan wraks van D4Hs."
92639188@N03,Netherlands,2002-04-10 Danang D4H-560 rang1,2003-04-10 00:00:21,16.071310,108.206330,https://live.staticflickr.com/7290/8741185771_790e428462_o.jpg,D4H-560 is de stationsrangeerlok van Danang.
92639188@N03,Netherlands,2002-04-10 Danang D4H-560 rang2,2003-04-10 00:00:20,16.071310,108.206330,https://live.staticflickr.com/7284/8742300278_33469e6cf7_o.jpg,Dankzij de aardige wisselwachter aan het begin van station Danang kon ik ook hier de kartcontrole omzeilen en probleemloos het emplacement opkomen om foto's te maken. Gewone reizigers moesten nog binnen in het station wachten tot de perrons open gingen :-)
92639188@N03,Netherlands,2002-04-10 Danang D4H-560 rang3,2003-04-10 00:00:19,16.071310,108.206330,https://live.staticflickr.com/7294/8741183757_41c41c5e92_o.jpg,Even het vloerkleedje van de D4H luchten...
92639188@N03,Netherlands,2002-04-10 Danang D4H-560 rang4,2003-04-10 00:00:18,16.071894,108.209627,https://live.staticflickr.com/7289/8742298466_bcce0f99f8_o.jpg,Ik kon een paar keer op de D4H langs de voor reizigers nog niet toegankelijke perrons van station van Danang rijden.
92639188@N03,Netherlands,2002-04-10 Danang D4H-560 rang6,2003-04-10 00:00:16,16.072341,108.210278,https://live.staticflickr.com/7287/8741181303_5bf620912c_o.jpg,Ondertussen had de D4H een lange goederentrein met containerwagens samengesteld.
92639188@N03,Netherlands,2002-04-10 Danang D4H-560 rang7,2003-04-10 00:00:15,16.072341,108.210278,https://live.staticflickr.com/7288/8741180431_c48c0921d0_o.jpg,Nog meer rangeren.
92639188@N03,Netherlands,2002-04-10 Danang D4H-560 rang8,2003-04-10 00:00:14,16.072341,108.210278,https://live.staticflickr.com/7291/8742295316_3b21e92efd_o.jpg,Rangeren in Danang.
92639188@N03,Netherlands,Danang station with D4H-560 (TU7E)2002-04-10,2003-04-10 00:00:13,16.072341,108.210278,https://live.staticflickr.com/7283/8741178597_42a90a55d5_o.jpg,De traditionele hurkzit van de Vietnamezen hou ik niet zo lang vol als deze DSVN-medewerker.
92639188@N03,Netherlands,2002-04-10 Danang D4H-560 rang oude havenlijn1,2003-04-10 00:00:12,16.072661,108.212703,https://live.staticflickr.com/65535/8742293662_3ffc743fca_o.jpg,"Tijdens het rangeren in Danang moet de D4H met de lange goederentrein uithalen over de wisselstraat aan de achterkant van het station. Daar loopt nog een oud spoortje naar de haven, dat alleen nog lange rangeerbewegingen gebruikt wordt."
92639188@N03,Netherlands,2002-04-10 Danang D11H-306 machinist,2003-04-10 00:00:10,16.071719,108.207718,https://live.staticflickr.com/7286/8741175935_ba956419f1_o.jpg,Ik wordt uitgenodigd op de stuurstand van een D11H: mijn favoriete DSVN-lok omdat deze is afgeleid van de diesellokomotiven van de Rodophenlijn in Bulgarije (serie 76 en 77; ook gebowud door FAUR in Boekarest echter 760mm ipv 1000mm spoorwijdte).
92639188@N03,Netherlands,2002-04-10 Danang D11H-340 + D11H-346 cabines,2003-04-10 00:00:08,16.071894,108.209627,https://live.staticflickr.com/7285/8742289982_9e33418f2f_o.jpg,"Danang is the place to be om de serie D11H te spotten.

40529 DSVN 2x D11H  Danang 10042003"
92639188@N03,Netherlands,2002-04-10 Danang D11H-340 + D11H-346,2003-04-10 00:00:07,16.071894,108.209627,https://live.staticflickr.com/7287/8741173455_a6a2dcb369_o.jpg,"Two train are ready for departure at Danang station. D11H-346 heads the S7 express train from Hanoi to Saigon. The locomotives are exchanged every few hundred kilometres and this one has just been coupled to the S7 express. This long train blocks the passage for passengers to and from the &quot;local&quot;  train with D11H-350, which is visible on the left.

Class D11H are built by FAUR in Romania and are a large 1000mm gauge version of the Bulgarian classes 76 and 77,  that run on that country's 760mm gauge lines.


40606 DSVN D11H-346 S7 + D11H-340 Danang 10042003"
92639188@N03,Netherlands,DSVN D11H-340 (FAUR) with a local train at Danang,2003-04-10 00:00:06,16.071894,108.209627,https://live.staticflickr.com/7289/8741172783_0a7f3afa26_o.jpg,40616 DSVN D11H-340 Danang 10042003
92639188@N03,Netherlands,DSVN operates on green tea,2003-04-10 00:00:05,16.071719,108.207718,https://live.staticflickr.com/7291/8742287984_6b23fc8ded_o.jpg,"The driver empties the tea pot in preperation for his upcoming duties. Locomotive D11H-346 from Danang MPD heads the express train S7 further due south.

40601 DSVN D11H-346 theepot Danang 10042003"
92639188@N03,Netherlands,2002-04-10 Danang D12E-648 S7,2003-04-10 00:00:03,16.071894,108.209627,https://live.staticflickr.com/7291/8742286432_8d2311e0f0_o.jpg,D12E met trein S7 (Ha Noi - Saigon) loopt station Danang binnen.
92639188@N03,Netherlands,2002-04-10 Danang D12E-657 opdruklok trein-S7,2003-04-10 00:00:02,16.071894,108.209627,https://live.staticflickr.com/7292/8742285654_23452cf001_o.jpg,"Om trein S7 over de wolkenpas tussen Hue en Danang te krijgen, was de hulp van deze D19E als opdruklok nodig."
92639188@N03,Netherlands,2002-04-10 Danang D19E-007,2003-04-10 00:00:01,16.071719,108.207718,https://live.staticflickr.com/7293/8741168941_4a46879727_o.jpg,Tot mijn verbazing komt vanachter de muren van depot Danang deze gloednieuwe D19E naar buiten rollen. De lok is gebouwd in China en voor mijn bezoek wist ik niet van het bestaan van dit type af.
80830567@N08,"Hong Kong, China","082 Vietnam - Danang, Myson & Hue - 00001",2007-04-08 17:52:55,16.064600,108.231201,https://live.staticflickr.com/8337/8200143345_595aacceb6_o.jpg,Nam Hoai - the reflecting pool
64571101@N08,,Blind student plays keyboard in new school built by EMW's School Construction program,2005-02-25 11:44:09,16.070557,108.213100,No URL,"Nguyen Dinh Chieu School for the Blind, Lien Chieu District, Da Nang

<a href=""http://www.eastmeetswest.org/Page.aspx?pid=372"" rel=""nofollow"">Learn more about East Meets West's School Construction Program</a>"
64571101@N08,,Students with their teacher at a new school built by EMW's School Construction program,2005-02-25 11:30:05,16.070557,108.213100,No URL,"Nguyen Dinh Chieu School for the Blind, Lien Chieu District, Da Nang

<a href=""http://www.eastmeetswest.org/Page.aspx?pid=372"" rel=""nofollow"">Learn more about East Meets West's School Construction Program</a>"
64571101@N08,,Blind students inspect a visitor's car at school built by EMW's School Construction program,2005-02-25 11:19:25,16.070557,108.213100,No URL,"Nguyen Dinh Chieu School for the Blind, Lien Chieu District, Da Nang

<a href=""http://www.eastmeetswest.org/Page.aspx?pid=372"" rel=""nofollow"">Learn more about East Meets West's School Construction Program</a>"
64571101@N08,,Students exercise in the gym of the school built by EMW's School Construction program,2005-02-25 11:10:13,16.070557,108.213100,No URL,"Nguyen Dinh Chieu School for the Blind, Lien Chieu District, Da Nang

<a href=""http://www.eastmeetswest.org/Page.aspx?pid=372"" rel=""nofollow"">Learn more about East Meets West's School Construction Program</a>"
64571101@N08,,Students at the new blind school build by EMW's School Construction program,2005-02-25 11:08:04,16.070557,108.213100,No URL,"Nguyen Dinh Chieu School for the Blind, Lien Chieu District, Da Nang

<a href=""http://www.eastmeetswest.org/Page.aspx?pid=372"" rel=""nofollow"">Learn more about East Meets West's School Construction Program</a>"
64571101@N08,,Boy plays with blocks at new school built by EMW's School Construction program,2005-02-25 11:06:23,16.070557,108.213100,No URL,"Nguyen Dinh Chieu School for the Blind, Lien Chieu District, Da Nang

<a href=""http://www.eastmeetswest.org/Page.aspx?pid=372"" rel=""nofollow"">Learn more about East Meets West's School Construction Program</a>"
64571101@N08,,Boy plays game at new school built by EMW's School Construction program,2005-02-25 11:06:07,16.070557,108.213100,No URL,"Nguyen Dinh Chieu School for the Blind, Lien Chieu District, Da Nang

<a href=""http://www.eastmeetswest.org/Page.aspx?pid=372"" rel=""nofollow"">Learn more about East Meets West's School Construction Program</a>"
64571101@N08,,Blind students receive specialized teaching at new school built by EMW's School Construction program,2005-02-25 11:04:32,16.070557,108.213100,No URL,"Nguyen Dinh Chieu School for the Blind, Lien Chieu District, Da Nang

<a href=""http://www.eastmeetswest.org/Page.aspx?pid=372"" rel=""nofollow"">Learn more about East Meets West's School Construction Program</a>"
64571101@N08,,Blind student receives specialized teaching at new school built by EMW's School Construction program,2005-02-25 11:03:28,16.070557,108.213100,No URL,"Nguyen Dinh Chieu School for the Blind, Lien Chieu District, Da Nang

<a href=""http://www.eastmeetswest.org/Page.aspx?pid=372"" rel=""nofollow"">Learn more about East Meets West's School Construction Program</a>"
64571101@N08,,Blind student uses abacus in school built by EMW's School Construction program,2005-02-25 11:00:12,16.070557,108.213100,No URL,"Nguyen Dinh Chieu School for the Blind, Lien Chieu District, Da Nang

<a href=""http://www.eastmeetswest.org/Page.aspx?pid=372"" rel=""nofollow"">Learn more about East Meets West's School Construction Program</a>"
64571101@N08,,Students in school built by EMW's School Construction program,2004-10-20 10:37:53,16.070557,108.213100,No URL,"Nguyen Dinh Chieu School for the Blind, Lien Chieu District, Da Nang

<a href=""http://www.eastmeetswest.org/Page.aspx?pid=372"" rel=""nofollow"">Learn more about East Meets West's School Construction Program</a>"
64571101@N08,,School for the blind built by EMW's School Construction program,2004-10-20 10:36:36,16.070557,108.213100,No URL,"Nguyen Dinh Chieu School for the Blind, Lien Chieu District, Da Nang

<a href=""http://www.eastmeetswest.org/Page.aspx?pid=372"" rel=""nofollow"">Learn more about East Meets West's School Construction Program</a>"
64571101@N08,,Opening of new school built by EMW's School Construction program,2004-08-23 09:47:56,16.070557,108.213100,No URL,"Nguyen Dinh Chieu School for the Blind, Lien Chieu District, Da Nang

<a href=""http://www.eastmeetswest.org/Page.aspx?pid=372"" rel=""nofollow"">Learn more about East Meets West's School Construction Program</a>"
64571101@N08,,Opening of new school built by EMW's School Construction program,2004-08-23 09:46:43,16.070557,108.213100,No URL,"Nguyen Dinh Chieu School for the Blind, Lien Chieu District, Da Nang

<a href=""http://www.eastmeetswest.org/Page.aspx?pid=372"" rel=""nofollow"">Learn more about East Meets West's School Construction Program</a>"
64571101@N08,,Children play chess at the Village of Hope during free time,2006-08-29 08:41:21,16.070557,108.213100,No URL,"<a href=""https://www.eastmeetswest.org/villageofhope"" rel=""nofollow"">Learn more about East Meets West's Village of Hope</a>"
64571101@N08,,Children play games in the Village of Hope library,2006-08-29 08:48:16,16.070557,108.213100,No URL,"<a href=""https://www.eastmeetswest.org/villageofhope"" rel=""nofollow"">Learn more about East Meets West's Village of Hope</a>"
64571101@N08,,Art is important at the Village of Hope,2004-01-08 19:03:28,16.070557,108.213100,No URL,"<a href=""https://www.eastmeetswest.org/villageofhope"" rel=""nofollow"">Learn more about East Meets West's Village of Hope</a>"
64571101@N08,,The Village of Hope provides drawing classes to disadvantaged children,2006-08-29 08:37:05,16.070557,108.213100,No URL,"<a href=""https://www.eastmeetswest.org/villageofhope"" rel=""nofollow"">Learn more about East Meets West's Village of Hope</a>"
64571101@N08,,Boys receive new soccer shoes at the Village of Hope,2006-04-20 16:36:42,16.070557,108.213100,No URL,"<a href=""https://www.eastmeetswest.org/villageofhope"" rel=""nofollow"">Learn more about East Meets West's Village of Hope</a>"
64571101@N08,,"Children learn about gardening, cooking and healthy eating at Village of Hope",2004-01-13 23:54:25,16.070557,108.213100,No URL,"<a href=""https://www.eastmeetswest.org/villageofhope"" rel=""nofollow"">Learn more about East Meets West's Village of Hope</a>"
64571101@N08,,Village of Hope offers embroidery classes to children,2006-12-07 16:46:50,16.070557,108.213100,No URL,"<a href=""https://www.eastmeetswest.org/villageofhope"" rel=""nofollow"">Learn more about East Meets West's Village of Hope</a>"
64571101@N08,,Children playing soccer at Village of Hope,2006-12-07 16:27:56,16.070557,108.213100,No URL,"<a href=""https://www.eastmeetswest.org/villageofhope"" rel=""nofollow"">Learn more about East Meets West's Village of Hope</a>"
64571101@N08,,Girls on balcony at Village of Hope Disadvantaged Children's Center,2006-10-28 14:01:23,16.070557,108.213100,No URL,"<a href=""https://www.eastmeetswest.org/villageofhope"" rel=""nofollow"">Learn more about East Meets West's Village of Hope</a>"
64571101@N08,,Village of Hope children check out a visitor's motorcycle,2006-10-28 13:59:53,16.070557,108.213100,No URL,"<a href=""https://www.eastmeetswest.org/villageofhope"" rel=""nofollow"">Learn more about East Meets West's Village of Hope</a>"
64571101@N08,,Friends during free time at the Village of Hope,2006-10-28 13:50:42,16.070557,108.213100,No URL,"<a href=""https://www.eastmeetswest.org/villageofhope"" rel=""nofollow"">Learn more about East Meets West's Village of Hope</a>"
64571101@N08,,Students enjoying lunch at the Village of Hope,2006-09-15 11:10:24,16.070557,108.213100,No URL,"<a href=""https://www.eastmeetswest.org/villageofhope"" rel=""nofollow"">Learn more about East Meets West's Village of Hope</a>"
64571101@N08,,Girls enjoy lunch in the Village of Hope dining room,2006-09-15 11:08:49,16.070557,108.213100,No URL,"<a href=""https://www.eastmeetswest.org/villageofhope"" rel=""nofollow"">Learn more about East Meets West's Village of Hope</a>"
64571101@N08,,Boys eat together at the Village of Hope,2006-09-15 11:07:49,16.070557,108.213100,No URL,"<a href=""https://www.eastmeetswest.org/villageofhope"" rel=""nofollow"">Learn more about East Meets West's Village of Hope</a>"
64571101@N08,,Students play chess during break time at the Village of Hope,2006-09-15 09:08:36,16.070557,108.213100,No URL,"Pham Hong Tham (left, standing),  Ngo Quoc Manh (right, standing),  Do Thi Vy (left, sitting),  and Nguyen Thi Hoang (right, sitting).

<a href=""https://www.eastmeetswest.org/villageofhope"" rel=""nofollow"">Learn more about East Meets West's Village of Hope</a>"
64571101@N08,,A Village of Hope student receives a new school book,2006-08-29 08:49:06,16.070557,108.213100,No URL,"<a href=""https://www.eastmeetswest.org/villageofhope"" rel=""nofollow"">Learn more about East Meets West's Village of Hope</a>"
64571101@N08,,Children greet visitors at the Village of Hope,2006-07-01 10:30:36,16.070557,108.213100,No URL,"<a href=""https://www.eastmeetswest.org/villageofhope"" rel=""nofollow"">Learn more about East Meets West's Village of Hope</a>"
64571101@N08,,Children at Village of Hope enjoy their free time,2005-03-09 19:29:07,16.070557,108.213100,No URL,"<a href=""https://www.eastmeetswest.org/villageofhope"" rel=""nofollow"">Learn more about East Meets West's Village of Hope</a>"
64571101@N08,,Teachers at the Village of Hope provide a supportive learning environment,2005-03-09 18:53:52,16.070557,108.213100,No URL,"<a href=""https://www.eastmeetswest.org/villageofhope"" rel=""nofollow"">Learn more about East Meets West's Village of Hope</a>"
64571101@N08,,Hearing impaired students are taught at Village of Hope Children's Center,2005-03-09 18:40:04,16.070557,108.213100,No URL,"<a href=""https://www.eastmeetswest.org/villageofhope"" rel=""nofollow"">Learn more about East Meets West's Village of Hope</a>"
64571101@N08,,Village of Hope provides specialized teaching to hearing impaired students,2005-03-09 18:39:35,16.070557,108.213100,No URL,"<a href=""https://www.eastmeetswest.org/villageofhope"" rel=""nofollow"">Learn more about East Meets West's Village of Hope</a>"
64571101@N08,,"The Village of Hope Disadvantaged Children's Center in Da Nang, Vietnam",2005-02-28 12:55:06,16.070557,108.213100,No URL,"<a href=""https://www.eastmeetswest.org/villageofhope"" rel=""nofollow"">Learn more about East Meets West's Village of Hope</a>"
64571101@N08,,EMW supporters enjoy meeting the children at Village of Hope,2005-02-28 12:47:24,16.070557,108.213100,No URL,"<a href=""https://www.eastmeetswest.org/villageofhope"" rel=""nofollow"">Learn more about East Meets West's Village of Hope</a>"
64571101@N08,,"Village of Hope offers students practical skills, such as sewing",2005-02-28 12:45:24,16.070557,108.213100,No URL,"<a href=""https://www.eastmeetswest.org/villageofhope"" rel=""nofollow"">Learn more about East Meets West's Village of Hope</a>"
64571101@N08,,Village of Hope Children's Center courtyard,2005-02-28 12:43:35,16.070557,108.213100,No URL,"<a href=""https://www.eastmeetswest.org/villageofhope"" rel=""nofollow"">Learn more about East Meets West's Village of Hope</a>"
64571101@N08,,Dance classes are offered at the Village of Hope,2005-02-24 19:54:57,16.070557,108.213100,No URL,"<a href=""https://www.eastmeetswest.org/villageofhope"" rel=""nofollow"">Learn more about East Meets West's Village of Hope</a>"
64571101@N08,,EMW celebrates the birthdays of all children at the Village of Hope,2004-03-31 12:50:33,16.070557,108.213100,No URL,"<a href=""https://www.eastmeetswest.org/villageofhope"" rel=""nofollow"">Learn more about East Meets West's Village of Hope</a>"
64571101@N08,,Village of Hope children and Santa enjoy the holidays together,2002-12-24 19:30:44,16.070557,108.213100,No URL,"<a href=""https://www.eastmeetswest.org/villageofhope"" rel=""nofollow"">Learn more about East Meets West's Village of Hope</a>"
64571101@N08,,A child receives dental care in Da Nang,2005-01-06 17:29:18,16.070557,108.213100,No URL,"<a href=""http://www.eastmeetswest.org/Page.aspx?pid=381"" rel=""nofollow"">Learn more about East Meets West's Dental Program</a>"
64571101@N08,,Children benefiting from the dental outreach smile in Hoa Lien,2004-11-16 12:10:43,16.070557,108.213100,No URL,"<a href=""http://www.eastmeetswest.org/Page.aspx?pid=381"" rel=""nofollow"">Learn more about East Meets West's Dental Program</a>"
64571101@N08,,Two doctors participate in the dental outreach in Hoa Lien,2004-11-16 09:57:39,16.070557,108.213100,No URL,"<a href=""http://www.eastmeetswest.org/Page.aspx?pid=381"" rel=""nofollow"">Learn more about East Meets West's Dental Program</a>"
64571101@N08,,"Children receive dental care as a part of the dental outreach in Son Tra District, Da Nang",2003-12-13 09:31:08,16.070557,108.213100,No URL,"<a href=""http://www.eastmeetswest.org/Page.aspx?pid=381"" rel=""nofollow"">Learn more about East Meets West's Dental Program</a>"
64571101@N08,,Children wait in the Da Nang dental clinic,2003-12-13 09:28:03,16.070557,108.213100,No URL,"<a href=""http://www.eastmeetswest.org/Page.aspx?pid=381"" rel=""nofollow"">Learn more about East Meets West's Dental Program</a>"
60395108@N02,"Hong Kong, China",IMG_2742,2006-04-11 09:01:53,16.122841,108.210697,No URL,峴港 Danang
23657333@N07,"Brattleboro, United States",,2006-10-30 15:10:32,16.040564,108.251123,https://live.staticflickr.com/3566/3395464908_40bb1651cc_o.jpg,
23657333@N07,"Brattleboro, United States",,2006-10-30 15:12:44,16.040564,108.251123,https://live.staticflickr.com/3209/3394651291_a60b52130a_o.jpg,
23657333@N07,"Brattleboro, United States",DSC_0103_7,2007-08-24 04:07:40,16.040564,108.251123,https://live.staticflickr.com/3463/3378028943_5a4f397680_o.jpg,
23657333@N07,"Brattleboro, United States",,2007-08-23 18:58:42,16.045978,108.200054,https://live.staticflickr.com/3093/3170801807_cbc3740476_o.jpg,"Da Nang, Vietnam

Da Nang, Vietnam"
21874239@N07,Unknown,Cham Museum Danang,2007-12-01 11:20:06,16.055666,108.212833,No URL,
7418193@N04,,IMG_0096,2007-08-17 18:08:47,16.054226,108.213272,https://live.staticflickr.com/2174/1600818866_2aa16026e5_o.jpg,Chùa Cầu Hội An ( hình trên tờ 20 ngàn đồng)
14636513@N07,,HACKERPHAM2,2007-06-08 11:37:39,15.988229,108.232841,https://live.staticflickr.com/2203/1497957498_72ae2283f0_o.jpg,
45206671@N00,"San Francisco, CA, United States",Uncle Ho,2001-02-21 09:00:16,16.060743,108.178940,https://live.staticflickr.com/1291/656101522_f8a6858411_o.jpg,"<a href=""http://loc.alize.us/#/flickr:656101522"">Da Nang (I think)</a> <a href=""http://www.flickr.com/groups/geotagging/discuss/72157594165549916/"">[?]</a>"
45206671@N00,"San Francisco, CA, United States",Billboard in Da Nang,2001-02-21 09:00:07,16.056371,108.180656,https://live.staticflickr.com/1413/656100074_a384582c7e_o.jpg,"<a href=""http://loc.alize.us/#/flickr:656100074"">Da Nang</a> <a href=""http://www.flickr.com/groups/geotagging/discuss/72157594165549916/"">[?]</a>"
7823544@N08,,DSCF0071,2006-01-20 23:46:16,16.066171,108.219097,https://live.staticflickr.com/196/510662200_21fa09aef0_o.jpg,
7823544@N08,,ngoi tua man...cau,2006-01-20 01:26:36,16.066171,108.219097,https://live.staticflickr.com/194/510681583_06b6e78f15_o.jpg,Cầu xoay sông Hàn
87791108@N00,"Melbourne, Australia",199909 101 at Danang,2006-09-09 21:05:25,16.060415,108.223120,https://live.staticflickr.com/81/238304212_2be5f5f138_o.jpg,"Linga statue the Cham Museum, Danang, Central Vietnam."
87791108@N00,"Melbourne, Australia",199909 102 at Danang,2006-09-09 21:43:39,16.060415,108.223120,https://live.staticflickr.com/98/238304214_c68fe252e1_o.jpg,"Linga statue encircled with breasts. Inside the Cham Museum, Danang, Central Vietnam."
87791108@N00,"Melbourne, Australia",199909 100 at Danang,2006-09-09 20:41:28,16.060415,108.223120,https://live.staticflickr.com/95/238304211_4689ceff3c_o.jpg,"This guy had so much expression. He looks to me like he is playing a computer game.
Statue of Ganesha in the Cham Museum, Danang, Central Vietnam.
From the 8th century."
98545250@N00,Unknown,DSC04086,2006-08-10 05:57:08,16.082500,108.222344,https://live.staticflickr.com/73/220778830_6f402283b6_o.jpg,
98545250@N00,Unknown,DSC04085,2006-08-10 05:57:06,16.082500,108.222344,https://live.staticflickr.com/87/220778591_5b3bec821a_o.jpg,
98545250@N00,Unknown,DSC04084,2006-08-10 05:56:51,16.082500,108.222344,https://live.staticflickr.com/88/220778266_ddee2e1d57_o.jpg,
98545250@N00,Unknown,DSC04083,2006-08-10 05:56:45,16.082500,108.222344,https://live.staticflickr.com/88/220777972_d2e8bbbbde_o.jpg,
98545250@N00,Unknown,DSC04082,2006-08-10 05:56:32,16.082500,108.222344,https://live.staticflickr.com/90/220777720_a168a3711e_o.jpg,
98545250@N00,Unknown,DSC04080,2006-08-10 05:56:07,16.082500,108.222344,https://live.staticflickr.com/84/220777223_d619e3cd55_o.jpg,
98545250@N00,Unknown,DSC04079,2006-08-10 05:55:52,16.082500,108.222344,https://live.staticflickr.com/61/220776995_c47d4c1845_o.jpg,
98545250@N00,Unknown,DSC04078,2006-08-10 05:55:42,16.082500,108.222344,https://live.staticflickr.com/92/220776730_b4e949a3e1_o.jpg,"Dalang market - a serious argument there, money involved"
98545250@N00,Unknown,DSC04077,2006-08-10 05:55:34,16.082500,108.222344,https://live.staticflickr.com/90/220776480_49312e416d_o.jpg,Oops!
98545250@N00,Unknown,DSC04069,2006-08-10 05:36:32,16.082500,108.222344,https://live.staticflickr.com/82/220776293_c97d8f92df_o.jpg,
98545250@N00,Unknown,DSC04065,2006-08-10 05:35:18,16.082500,108.222344,https://live.staticflickr.com/98/220775579_40dad36875_o.jpg,
98545250@N00,Unknown,DSC04064,2006-08-10 04:55:39,16.082500,108.222344,https://live.staticflickr.com/86/220775334_8bceec2792_o.jpg,
98545250@N00,Unknown,DSC04063,2006-08-10 04:55:11,16.082500,108.222344,https://live.staticflickr.com/90/220775242_b131f74e71_o.jpg,
98545250@N00,Unknown,DSC04062,2006-08-10 04:54:00,16.082500,108.222344,https://live.staticflickr.com/87/220775177_de123c9221_o.jpg,
